{
  "urls": [
    "out/sound.ogg",
    "out/sound.m4a",
    "out/sound.mp3",
    "out/sound.ac3"
  ],
  "sprite": {
    "drop": [
      0,
      235.78231292517006
    ],
    "explosion": [
      2000,
      791.9274376417231
    ],
    "gameover": [
      4000,
      1042.1541950113378
    ],
    "invaderkilled": [
      7000,
      306.3038548752832
    ],
    "lose": [
      9000,
      1846.1451247165535
    ],
    "remove": [
      12000,
      54.6712018140596
    ],
    "shoot": [
      14000,
      370.06802721088405
    ],
    "tick": [
      16000,
      72.01814058957012
    ],
    "win": [
      18000,
      1071.020408163264
    ]
  }
}